t,avg_cAMP,avg_Ca,avg_Ca_ER,avg_ATP,PKA_frac,avg_pSer845,avg_I1P,avg_pSer831,CaMKII_p_frac,min_cAMP,max_cAMP,gradient_index,stimulus,neck_avg_cAMP,head_avg_cAMP,head_neck_ratio
0.000000,0.100000,0.100000,200.000000,2000.000000,0.000000,0.000000,0.000000,0.000000,0.000000,0.000000,2000.000000,20000.000000,0.000000,nan,nan,nan
0.100000,0.142471,0.104303,199.854068,1995.054134,0.234705,0.033853,0.005743,0.043977,0.022322,0.000443,1995.054953,14003.264046,0.000000,nan,nan,nan
0.200000,0.184302,0.107225,199.710995,1994.871579,0.367129,0.083932,0.014509,0.140448,0.106854,0.001128,1994.872886,10823.929004,0.000000,nan,nan,nan
